t,CCH4 ,T
0,1,600
1,0.9,633
2,0.72,666
3,0.576,699
4,0.4032,732
5,0.24192,765
6,0.12096,798
7,0.048384,831
8,0.0145152,864
9,0.00290304,897
10,0.000290304,930
11,2.90304E-05,963
12,2.90304E-06,996
13,2.90304E-07,1029
14,2.90304E-08,1062
15,2.90304E-09,1095
16,2.90304E-10,1128
17,2.90304E-11,1161
18,2.90304E-12,1194
19,2.90304E-13,1227
20,2.90304E-14,1260
